"time_hours","CommunityReplicate","mean.ratioRF","sd.ratioRF"
0,"C10R7",0.051758757,0.006317056
10,"C10R7",0.024639044,0.002042569
21,"C10R7",0.033999175,0.005980676
48,"C10R7",0.082249052,0.011431957
