"time_hours","CommunityReplicate","acetate_mM","Glucose_perc"
0,"C10R7",0,0.2
10,"C10R7",2.088587624,0.155292463
21,"C10R7",11.78635127,0
48,"C10R7",0.293871626,0
